,value,metric,type
0,1.1752438911891305,fde,ml
1,0.8497703341994707,fde,ml
2,0.44755602583914156,fde,ml
3,0.15282771544230359,fde,ml
4,0.26265313911136134,fde,ml
5,1.5135418641351164,fde,ml
6,1.9857735277717028,fde,ml
7,0.8937854524044804,fde,ml
8,1.0533520170566435,fde,ml
9,0.4125686823864773,fde,ml
10,0.3767018606856468,fde,ml
11,0.2985537116381664,fde,ml
12,1.9258639588360535,fde,ml
13,2.368882008057547,fde,ml
14,0.8415809008900996,fde,ml
15,1.0941260354570195,fde,ml
16,0.5440313151827102,fde,ml
17,0.2819750293015319,fde,ml
18,0.32692710201147795,fde,ml
19,2.0475810625433524,fde,ml
20,2.329031430107028,fde,ml
21,1.3134326270761294,fde,ml
22,0.42726379881803817,fde,ml
23,0.6933297021346062,fde,ml
24,0.18436494491334032,fde,ml
25,0.3875268869524236,fde,ml
26,0.445719996352381,fde,ml
27,2.075346414605262,fde,ml
28,2.115560941481458,fde,ml
29,1.599108845775704,fde,ml
30,0.13946414156310272,fde,ml
31,0.22414243736056044,fde,ml
32,0.3996600413324383,fde,ml
33,0.3310522269064706,fde,ml
34,0.41590853487434437,fde,ml
35,2.518261434321114,fde,ml
36,2.346395873908518,fde,ml
37,1.0447065325058387,fde,ml
38,0.02244114755717137,fde,ml
39,0.24944719215782196,fde,ml
40,0.5271952716535692,fde,ml
41,0.13010693855426436,fde,ml
42,0.37982491768076587,fde,ml
43,2.1789937579690153,fde,ml
44,2.1053545628567463,fde,ml
45,1.0661043046619936,fde,ml
46,0.25787595807341546,fde,ml
47,0.1610005804125716,fde,ml
48,0.27103969665635635,fde,ml
49,0.18354433388473687,fde,ml
50,1.0591380206657008,fde,ml
51,1.9176573254487792,fde,ml
52,0.9576669638269257,fde,ml
53,0.47612994189111124,fde,ml
54,0.7297648458830613,fde,ml
55,0.7329744514906996,fde,ml
56,0.24162788804375168,fde,ml
57,0.8328249217526609,fde,ml
58,1.9537508533324959,fde,ml
59,0.3438651597523053,fde,ml
60,0.5628806841032037,fde,ml
61,0.49704433175252627,fde,ml
62,0.5992771445280184,fde,ml
63,0.38054236870932473,fde,ml
64,0.8923626359482015,fde,ml
65,0.6817405313060277,fde,ml
66,0.8459618465700034,fde,ml
67,0.4605754540708462,fde,ml
68,0.2577203944218261,fde,ml
69,1.0226739873558972,fde,ml
70,0.9732597363085341,fde,ml
71,0.45964348937271704,fde,ml
72,0.2705069087320043,fde,ml
73,0.8381739666494662,fde,ml
74,0.9070257467321868,fde,ml
75,0.5566840939880792,fde,ml
76,0.20585784808897828,fde,ml
77,0.56960292390466,fde,ml
78,0.8706747522225036,fde,ml
79,0.6575389429555976,fde,ml
80,0.1496928762254654,fde,ml
81,0.5694085952240758,fde,ml
82,0.15503703631208057,fde,ml
83,0.7461613749236593,fde,ml
84,0.4327916645340583,fde,ml
85,0.47877814283587855,fde,ml
86,0.10221334764002253,fde,ml
87,0.44226048626480785,fde,ml
88,0.5165550664900288,fde,ml
89,0.118807509458587,fde,ml
90,0.35507897749790857,fde,ml
91,0.9640071259178903,fde,ml
92,0.20035646455070472,fde,ml
93,0.3927726380514798,fde,ml
94,1.4377395477879318,fde,ml
95,0.3061262594862711,fde,ml
96,0.47853599128512103,fde,ml
97,1.7720628408684818,fde,ml
98,0.22070846715451967,fde,ml
99,0.7041933950267822,fde,ml
100,2.136612786785964,fde,ml
101,0.3128406288383217,fde,ml
102,0.8068067696857582,fde,ml
103,2.566128072292878,fde,ml
104,0.3789837763328114,fde,ml
105,0.785193430830132,fde,ml
106,3.005910673640409,fde,ml
107,0.4585604615116073,fde,ml
108,0.528089541798296,fde,ml
109,0.8422297396475575,fde,ml
110,2.766542528357848,fde,ml
111,0.2490386185558666,fde,ml
112,0.7147680747973604,fde,ml
113,0.9181870266234485,fde,ml
114,2.1767096383929436,fde,ml
115,0.20919920928061586,fde,ml
116,0.9430771076952098,fde,ml
117,0.9678624199961187,fde,ml
118,2.0497600345852054,fde,ml
119,0.2587490287844972,fde,ml
120,1.1266813495568493,fde,ml
121,0.0621841378741883,fde,ml
122,1.7585095274786051,fde,ml
123,0.5015054275916242,fde,ml
124,0.5635821728060506,fde,ml
125,0.7384757755581879,fde,ml
126,0.4740625999788416,fde,ml
127,0.5926023628221214,fde,ml
128,0.08077227124848081,fde,ml
129,0.6780033632458391,fde,ml
130,0.05944680901972673,fde,ml
131,0.5840088107363046,fde,ml
132,0.023421953163700396,fde,ml
133,0.30425573344129503,fde,ml
134,0.05117650134960328,fde,ml
135,0.17171911946354165,fde,ml
136,0.007999714914275034,fde,ml
137,0.1957867794241762,fde,ml
138,0.01848221790402173,fde,ml
139,0.21522139616214878,fde,ml
140,0.02977557942617676,fde,ml
141,0.688779831242055,fde,ml
142,0.04025662947885195,fde,ml
143,0.6313371926869537,fde,ml
144,0.2997168632625984,fde,ml
145,0.9388030654006225,fde,ml
146,0.013489170526244355,fde,ml
147,0.5294886769637162,fde,ml
148,0.22845077329082156,fde,ml
149,0.6766442951804941,fde,ml
150,0.01652459339783818,fde,ml
151,0.4875172810157846,fde,ml
152,0.033555474511126636,fde,ml
153,0.2886174845744384,fde,ml
154,0.029209507571200402,fde,ml
155,0.6158356086343157,fde,ml
156,0.16676064495476775,fde,ml
157,0.3114380470445985,fde,ml
158,0.08686685843410534,fde,ml
159,0.4435891351663165,fde,ml
160,0.19395841082386536,fde,ml
161,0.4913003877480782,fde,ml
162,0.14594799086733243,fde,ml
163,0.5280026359538057,fde,ml
164,0.31271270752986224,fde,ml
165,0.8563940964359193,fde,ml
166,0.20432177044467786,fde,ml
167,0.6203547337260579,fde,ml
168,0.3667530968145686,fde,ml
169,1.0457698346429287,fde,ml
170,0.2787265969869569,fde,ml
171,0.5727165873641755,fde,ml
172,0.3961900157386315,fde,ml
173,1.152033622424117,fde,ml
174,0.3656369778608503,fde,ml
175,0.5521058925219426,fde,ml
176,0.4382999797232423,fde,ml
177,0.6814134653121471,fde,ml
178,0.45360322939962994,fde,ml
179,0.5633386860851313,fde,ml
180,0.7191344116349185,fde,ml
181,0.8384674561621855,fde,ml
182,0.5426822861896372,fde,ml
183,0.5582963539074586,fde,ml
184,0.9163458704791037,fde,ml
185,1.138558079423991,fde,ml
186,0.6316383132495456,fde,ml
187,1.0027858812379484,fde,ml
188,0.683824567787119,fde,ml
189,0.9415356226156298,fde,ml
190,0.08969691234214264,fde,ml
191,0.42774358072460683,fde,ml
192,1.0972675109108283,fde,ml
193,0.5529425360964139,fde,ml
194,0.030608534528008997,fde,ml
195,1.1610805011609073,fde,ml
196,0.4471147113009487,fde,ml
197,0.02530368310538645,fde,ml
198,0.3582892157051913,fde,ml
199,0.5044134502381351,fde,ml
200,0.012488459385439002,fde,ml
201,0.20277467716826927,fde,ml
202,0.6559102771731594,fde,ml
203,1.1243476738814988,fde,ml
204,0.010133040623510635,fde,ml
205,0.4392644590996073,fde,ml
206,0.8791094275034699,fde,ml
207,1.3164419489930292,fde,ml
208,0.021352151263349328,fde,ml
209,0.5047812349168813,fde,ml
210,1.1245263542087995,fde,ml
211,1.4305891422344998,fde,ml
212,0.010856840202017479,fde,ml
213,0.9237582674938465,fde,ml
214,1.3373526547741423,fde,ml
215,1.2029693991689312,fde,ml
216,0.553240044942115,fde,ml
217,0.03304234645489505,fde,ml
218,0.887914830222839,fde,ml
219,1.3737601317418888,fde,ml
220,1.066565431845386,fde,ml
221,0.767970584394085,fde,ml
222,0.024479395656421564,fde,ml
223,0.9524666410691547,fde,ml
224,1.3101860698222128,fde,ml
225,1.2320065372766074,fde,ml
226,1.0314499584367183,fde,ml
227,0.016404451410254282,fde,ml
228,1.5000176695179364,fde,ml
229,1.2895377383836717,fde,ml
230,1.2208941465059315,fde,ml
231,0.0158789877653639,fde,ml
232,0.7266192713621853,fde,ml
233,0.8366495150984505,fde,ml
234,0.8378493452536179,fde,ml
235,0.01674198923446502,fde,ml
236,0.08602543550858707,fde,ml
237,0.858032932376702,fde,ml
238,0.6131404676077578,fde,ml
239,0.022518221711279582,fde,ml
240,0.9933179786736681,fde,ml
241,0.9748780976409959,fde,ml
242,0.7190338993423084,fde,ml
243,3.2255515571710194,fde,ml
244,0.016267829143327774,fde,ml
245,0.8778556619582372,fde,ml
246,0.8033912628179961,fde,ml
247,3.781191062717019,fde,ml
248,0.016946937462454948,fde,ml
249,0.6118585569746552,fde,ml
250,1.063849066042911,fde,ml
251,3.654301488582828,fde,ml
252,0.01849769467148668,fde,ml
253,0.5878156923528104,fde,ml
254,1.1770694030700857,fde,ml
255,3.582656388545334,fde,ml
256,0.9236042320076775,fde,ml
257,0.017027289649263148,fde,ml
258,0.5850980773028877,fde,ml
259,1.3146973570507174,fde,ml
260,3.3569395605330445,fde,ml
261,0.3341243409204352,fde,ml
262,0.013659398144354391,fde,ml
263,0.4733728407127861,fde,ml
264,0.6510669566094293,fde,ml
265,3.5709095007750578,fde,ml
266,0.370263433329675,fde,ml
267,3.191246393215952,fde,ml
268,0.015619132537460443,fde,ml
269,0.5195760874485638,fde,ml
270,0.3395252750151212,fde,ml
271,3.9500504225854485,fde,ml
272,0.08621987548081494,fde,ml
273,3.7354765948828037,fde,ml
274,0.02435027815081408,fde,ml
275,0.6646137614415181,fde,ml
276,0.34424925431628667,fde,ml
277,4.371005824301503,fde,ml
278,0.429782986319812,fde,ml
279,0.025497148511172733,fde,ml
280,0.5863215972922486,fde,ml
281,0.048771002256980604,fde,ml
282,2.4557680961125166,fde,ml
283,0.4905712676423343,fde,ml
284,0.018597069534241072,fde,ml
285,0.6391184801689398,fde,ml
286,0.665213258281566,fde,ml
287,0.9351886228576342,fde,ml
288,0.4655858083393546,fde,ml
289,0.02255860066318354,fde,ml
290,0.8195605701802076,fde,ml
291,0.9075128729684709,fde,ml
292,1.7290005585646666,fde,ml
293,0.18431892734787492,fde,ml
294,0.019747199289074074,fde,ml
295,0.9948979714194676,fde,ml
296,0.9744552452580403,fde,ml
297,1.2076935274913239,fde,ml
298,0.4128283751264988,fde,ml
299,0.017980014606213245,fde,ml
300,1.2076578781240812,fde,ml
301,0.9128786600415858,fde,ml
302,1.196123917052402,fde,ml
303,0.5717292619362156,fde,ml
304,0.019924811539956608,fde,ml
305,1.2945578891100076,fde,ml
306,0.8820262671883223,fde,ml
307,1.248431901278046,fde,ml
308,0.5749546278037109,fde,ml
309,0.018866895047750486,fde,ml
310,1.4107094818764234,fde,ml
311,0.9997888019825598,fde,ml
312,1.7165430725263877,fde,ml
313,0.5480049654160134,fde,ml
314,0.016871186516068917,fde,ml
315,0.6196858720669082,fde,ml
316,0.62410026461814,fde,ml
317,2.057101611803341,fde,ml
318,0.763864445120427,fde,ml
319,0.020205606927981085,fde,ml
320,0.224834743492406,fde,ml
321,0.5096947426135604,fde,ml
322,1.8666215605811163,fde,ml
323,0.736722259241228,fde,ml
324,0.02692473775489511,fde,ml
325,0.2809502272555865,fde,ml
326,0.5616319548671349,fde,ml
327,0.6557257555734525,fde,ml
328,0.10059612576904314,fde,ml
329,0.29578991779268804,fde,ml
330,0.37898561922870166,fde,ml
331,0.6842372150270194,fde,ml
332,0.17279805587342,fde,ml
333,0.40872816649047056,fde,ml
334,0.13243114288759514,fde,ml
335,0.674401158687824,fde,ml
336,0.25600465957686586,fde,ml
337,0.5645463397786635,fde,ml
338,0.05676889965005314,fde,ml
339,0.5021448485524118,fde,ml
340,0.3186384470117279,fde,ml
341,0.6744578541987611,fde,ml
342,0.12198180327814025,fde,ml
343,0.5227742218215538,fde,ml
344,0.3848749135583151,fde,ml
345,0.3414994920327807,fde,ml
346,0.21587655690821397,fde,ml
347,0.6784556618412015,fde,ml
348,0.45429477503468463,fde,ml
349,0.262720930657805,fde,ml
350,0.37513945831825724,fde,ml
351,0.7636997565038143,fde,ml
352,0.5420957712645,fde,ml
353,0.2722719102773401,fde,ml
354,0.4368807060617623,fde,ml
355,1.2552340038153316,fde,ml
356,0.6245231088255777,fde,ml
357,0.2818825571497591,fde,ml
358,0.5362000989976722,fde,ml
359,1.0892405667235858,fde,ml
360,0.7081971187963149,fde,ml
361,0.5030111220811728,fde,ml
362,0.51318867424924,fde,ml
363,1.1151981681267482,fde,ml
364,0.5571299424909715,fde,ml
365,0.7167435738745079,fde,ml
366,0.5178381471244062,fde,ml
367,1.274846497916144,fde,ml
368,1.0662664143560132,fde,ml
369,0.15253971304418334,fde,ml
370,0.5907215541777453,fde,ml
371,1.2621455827623838,fde,ml
372,1.6341726486953292,fde,ml
373,2.994899252552233,fde,ml
374,0.13535288615304092,fde,ml
375,0.6562963856162033,fde,ml
376,0.8912201149393636,fde,ml
377,1.693269675725215,fde,ml
378,3.421141120739203,fde,ml
379,0.17791307158900663,fde,ml
380,0.7486823251389263,fde,ml
381,1.50398657599587,fde,ml
382,3.8513786976805267,fde,ml
383,0.2340581848345581,fde,ml
384,0.8556893343594112,fde,ml
385,1.285850604034384,fde,ml
386,3.603043221720541,fde,ml
387,0.32940755102142044,fde,ml
388,1.0494373780944215,fde,ml
389,2.6692252467873083,fde,ml
390,0.4090806199450108,fde,ml
391,0.8339937620166235,fde,ml
392,2.210400912506632,fde,ml
393,0.4986286005896447,fde,ml
394,0.7204707349146756,fde,ml
395,1.4305756219882635,fde,ml
396,0.6005936467971111,fde,ml
397,0.5649564538633476,fde,ml
398,0.9995130772256852,fde,ml
399,0.6703271176903295,fde,ml
400,0.4737273095982909,fde,ml
401,0.8832820392631038,fde,ml
402,0.5421110975388838,fde,ml
403,0.5412796786388578,fde,ml
404,0.7104068812584481,fde,ml
405,0.17866800328255728,fde,ml
406,0.509095550707189,fde,ml
407,1.6153516306806874,fde,ml
408,0.009140398072584108,fde,ml
409,0.4037661666805185,fde,ml
410,0.8030342376340185,fde,ml
411,0.01783657377299576,fde,ml
412,0.2178268554632968,fde,ml
413,1.0961207646053097,fde,ml
414,0.007350482984056312,fde,ml
415,0.36945016998051594,fde,ml
416,1.2377050974376689,fde,ml
417,0.012059181807371158,fde,ml
418,0.48956991848049575,fde,ml
419,0.010911032389388226,fde,ml
420,0.7029444719855433,fde,ml
421,0.125113048817577,fde,ml
422,0.4413122971154077,fde,ml
423,0.32325219606009264,fde,ml
424,0.5234219617199467,fde,ml
425,0.7568585122170092,fde,ml
426,0.9824063558339565,fde,ml
427,1.2097011998831775,fde,ml
428,1.440900693163395,fde,ml
429,0.4271433559536167,fde,ml
430,1.6553417006092055,fde,ml
431,0.475472430156732,fde,ml
432,0.547248422316272,fde,ml
433,1.8744884671537154,fde,ml
434,0.42755184626331394,fde,ml
435,0.05206876427843319,fde,ml
436,0.49735227112123226,fde,ml
437,2.0945285491846586,fde,ml
438,0.27900384053572275,fde,ml
439,0.5979784911116954,fde,ml
440,0.5911912665030915,fde,ml
441,1.5551834460693332,fde,ml
442,0.4774846662481013,fde,ml
443,0.40239257796179206,fde,ml
444,0.6197811177289111,fde,ml
445,0.5567878831611032,fde,ml
446,0.7380343785004359,fde,ml
447,0.5176603492109875,fde,ml
448,0.5766146452612839,fde,ml
449,0.4219512265974652,fde,ml
450,0.6941304501153951,fde,ml
451,0.5861465019374265,fde,ml
452,0.5507107181925674,fde,ml
453,0.30772971219598594,fde,ml
454,1.217651172303653,fde,ml
455,0.6271313520925985,fde,ml
456,0.6457859941232256,fde,ml
457,0.5374155544603684,fde,ml
458,1.4229594786214321,fde,ml
459,0.6380524208670547,fde,ml
460,0.6304964562497403,fde,ml
461,2.5748190548991703,fde,ml
462,0.6959113533232477,fde,ml
463,1.2188037251112034,fde,ml
464,0.5220731157526248,fde,ml
465,0.2273492502900541,fde,ml
466,2.2197136541468865,fde,ml
467,0.8457288655702995,fde,ml
468,0.501054789152988,fde,ml
469,0.7706705162331492,fde,ml
470,0.38166133281913556,fde,ml
471,1.9483895598466299,fde,ml
472,0.8677522788010065,fde,ml
473,0.5399787623953649,fde,ml
474,0.8377181881546403,fde,ml
475,0.38469638757396124,fde,ml
476,1.9065856871535973,fde,ml
477,0.9857018238425811,fde,ml
478,0.6948360091544068,fde,ml
479,0.4096450557094579,fde,ml
480,1.6461285728516026,fde,ml
481,1.1909193288537983,fde,ml
482,1.8241487652017192,fde,ml
483,0.9350527971517038,fde,ml
484,1.0958847542846868,fde,ml
485,0.7814811666077213,fde,ml
486,0.9372895903669652,fde,ml
487,0.9622877196606888,fde,ml
488,1.2403580058575336,fde,ml
489,1.5536315687579183,fde,ml
490,1.500976939093147,fde,ml
491,1.5449169155465359,fde,ml
492,1.8187393399105185,fde,ml
493,2.0265037471853615,fde,ml
494,1.155956416500831,fde,ml
495,1.9559815011320958,fde,ml
496,0.8081616370600301,fde,ml
497,1.2785411085080893,fde,ml
498,0.6684492224345686,fde,ml
499,0.9479471978704933,fde,ml
500,0.7462438814545385,fde,ml
501,1.0482051607018354,fde,ml
502,0.7192628111022676,fde,ml
503,0.6002966524373738,fde,ml
504,1.2749349527836313,fde,ml
505,0.24643169116561492,fde,ml
506,1.526896717934712,fde,ml
507,0.2951278825823562,fde,ml
508,1.6807467753074679,fde,ml
509,0.2865399087650721,fde,ml
510,1.854190923542411,fde,ml
511,0.2948692439828285,fde,ml
512,2.35149823543565,fde,ml
513,0.27674668053754503,fde,ml
514,2.538786451926879,fde,ml
515,0.2839680589025852,fde,ml
516,0.3361293222594048,fde,ml
517,0.3222080100292892,fde,ml
518,0.3089592866771032,fde,ml
519,0.39090045363795284,fde,ml
520,0.49161511448430356,fde,ml
521,0.5249826440592382,fde,ml
522,0.3055459552062182,fde,ml
523,0.303829408574344,fde,ml
524,0.33218768809939264,fde,ml
525,0.3221555579411058,fde,ml
526,0.47079915288060864,fde,ml
527,0.5440434719560617,fde,ml
528,0.6207945539011755,fde,ml
529,0.773198979019165,fde,ml
530,0.39703119299540096,fde,ml
531,0.20350236855436366,fde,ml
532,0.9352212433676589,fde,ml
533,0.3882815999064754,fde,ml
534,0.2723604604586266,fde,ml
535,0.3889217854211449,fde,ml
536,1.159273134679131,fde,ml
537,0.35445801870218674,fde,ml
538,0.35295667399075165,fde,ml
539,0.4850866015267518,fde,ml
540,0.5154556599886658,fde,ml
541,1.2156923946678064,fde,ml
542,0.5065974912427301,fde,ml
543,0.558178512496257,fde,ml
544,0.5244395728141489,fde,ml
545,0.7647720587324869,fde,ml
546,0.7333704870676415,fde,ml
547,0.8074374403678234,fde,ml
548,0.822961205635591,fde,ml
549,0.4095220684932696,fde,ml
550,0.4493874190370071,fde,ml
551,0.35340654033682345,fde,ml
552,1.126541834461179,fde,ml
553,0.9327402000691617,fde,ml
554,0.4139705270467827,fde,ml
555,0.8347253719799412,fde,ml
556,0.3351150605267533,fde,ml
557,1.2096732460554427,fde,ml
558,1.0400584500128487,fde,ml
559,0.35512785108238454,fde,ml
560,1.0470985267568518,fde,ml
561,0.26623684618221194,fde,ml
562,1.0645543744645904,fde,ml
563,0.8921305353908716,fde,ml
564,0.3225894211914391,fde,ml
565,1.5129104081975298,fde,ml
566,0.2208639349256509,fde,ml
567,0.9170595612258291,fde,ml
568,0.8879518993153546,fde,ml
569,0.14769658436362354,fde,ml
570,1.0476099557024243,fde,ml
571,0.9831010069806156,fde,ml
572,0.1411242780341805,fde,ml
573,0.31145675244790294,fde,ml
574,2.350025718674565,fde,ml
575,3.219673892118335,fde,ml
576,0.8597752173001536,fde,ml
577,2.659006936885993,fde,ml
578,3.6522649775998848,fde,ml
579,1.1304723730168318,fde,ml
580,2.1696553396224885,fde,ml
581,3.0959402392288506,fde,ml
582,1.3003962300803067,fde,ml
583,2.2367051061200898,fde,ml
584,1.7817274228197226,fde,ml
585,1.4423735714871442,fde,ml
586,2.1684139890070666,fde,ml
587,1.4794683936651005,fde,ml
588,1.2195627583779627,fde,ml
589,1.0551389459812892,fde,ml
590,0.7677603127262779,fde,ml
591,0.6655791593407251,fde,ml
592,0.26370323389015704,fde,ml
593,0.055171960375345,fde,ml
594,0.4942089421061124,fde,ml
595,0.4908432189292104,fde,ml
596,0.14257020094825157,fde,ml
597,0.6605403923652167,fde,ml
598,0.24117694448345864,fde,ml
599,0.058869768751922756,fde,ml
600,0.8804288970495405,fde,ml
601,0.3289616740249926,fde,ml
602,0.022394602754795916,fde,ml
603,1.0785453102685254,fde,ml
604,0.3005962686870095,fde,ml
605,0.032169247304930974,fde,ml
606,1.3017196306865668,fde,ml
607,0.3186497369061599,fde,ml
608,0.036331513584824886,fde,ml
609,0.3454758156512269,fde,ml
610,0.17600388692053787,fde,ml
611,0.5081693479633266,fde,ml
612,0.4762805127337742,fde,ml
613,0.5437255442454717,fde,ml
614,0.7608196899135777,fde,ml
615,0.416352809077848,fde,ml
616,1.18551625946482,fde,ml
617,0.6633741693778878,fde,ml
618,1.6073493162551566,fde,ml
619,0.7089873691491038,fde,ml
620,0.9292044242017325,fde,ml
621,2.049225015791678,fde,ml
622,0.7558708595968957,fde,ml
623,1.498505285148857,fde,ml
624,2.4791569857030047,fde,ml
625,0.7877586756914685,fde,ml
626,2.0086165543854224,fde,ml
627,2.91138148799631,fde,ml
628,0.9925759803542807,fde,ml
629,0.353777225685358,fde,ml
630,2.4170666620802534,fde,ml
631,3.3462434232702183,fde,ml
632,1.1420947717121162,fde,ml
633,0.4192097109909995,fde,ml
634,2.809144003870206,fde,ml
635,3.777916990270876,fde,ml
636,1.379332727237699,fde,ml
637,0.2980322889868307,fde,ml
638,3.200373623164739,fde,ml
639,3.024198009884032,fde,ml
640,0.8978045236389137,fde,ml
641,0.26983327599146006,fde,ml
642,2.771303895360762,fde,ml
643,2.230400548121671,fde,ml
644,0.6262490885546736,fde,ml
645,0.3771450513851042,fde,ml
646,2.127701636582633,fde,ml
647,2.107470778333672,fde,ml
648,0.5622406320335469,fde,ml
649,0.31629314050569446,fde,ml
650,2.4011882082662384,fde,ml
651,0.39442738681992456,fde,ml
652,0.4944121294206866,fde,ml
653,0.39963696927572384,fde,ml
654,1.3004642477380013,fde,ml
655,0.7351654129769297,fde,ml
656,0.598963352717155,fde,ml
657,0.714652820406826,fde,ml
658,0.599397620695192,fde,ml
659,0.28197834561673685,fde,ml
660,1.554383979326141,fde,ml
661,0.8670821827645695,fde,ml
662,1.0302673163838416,fde,ml
663,0.5456380204888585,fde,ml
664,2.0006599712772513,fde,ml
665,1.0978031185844646,fde,ml
666,0.42222699428478455,fde,ml
667,0.39506001181852596,fde,ml
668,2.327689656644776,fde,ml
669,1.432571569485661,fde,ml
670,0.30176818597084876,fde,ml
671,0.3666844600141287,fde,ml
672,2.654649112810019,fde,ml
673,1.8238465355571571,fde,ml
674,0.41493596618295503,fde,ml
675,0.45503140864983616,fde,ml
676,2.9564433881744137,fde,ml
677,2.0343579849749367,fde,ml
678,0.549895101474803,fde,ml
679,0.3885323550032055,fde,ml
680,2.6385079147825095,fde,ml
681,1.7351393757951574,fde,ml
682,0.41978929270082854,fde,ml
683,1.4173777689499494,fde,ml
684,0.7877074272425838,fde,ml
685,1.3560017208471293,fde,ml
686,0.4840811376975895,fde,ml
687,1.1549437542234646,fde,ml
688,0.5379353446881928,fde,ml
689,0.6084539334886863,fde,ml
690,0.5306731108118556,fde,ml
691,0.3679593687084168,fde,ml
692,0.3240674514932489,fde,ml
693,0.8422872509358891,fde,ml
694,0.4240236165274966,fde,ml
695,0.20199522987520568,fde,ml
696,0.47468898446982416,fde,ml
697,0.2099693166416681,fde,ml
698,0.18353687076530473,fde,ml
699,0.14671129457242024,fde,ml
700,0.22504236608802328,fde,ml
701,0.1692810411973173,fde,ml
702,0.32747115975810837,fde,ml
703,0.3344770423061901,fde,ml
704,1.0359683589219593,fde,ml
705,0.43780907251851087,fde,ml
706,0.3591840474072751,fde,ml
707,1.2109155262199072,fde,ml
708,0.5204566465634789,fde,ml
709,0.4096295248911457,fde,ml
710,0.36965924862581157,fde,ml
711,0.5007248265603191,fde,ml
712,0.42813698448612203,fde,ml
713,0.27916576223156525,fde,ml
714,0.5823823949074063,fde,ml
715,0.4829478729693538,fde,ml
716,0.2725232194704842,fde,ml
717,0.6617022248170168,fde,ml
718,0.565281937021545,fde,ml
719,0.09245530628434746,fde,ml
720,0.6077838042257062,fde,ml
721,0.6581246110821224,fde,ml
722,0.3644203431226074,fde,ml
723,0.19881261487570648,fde,ml
724,0.6558802141815568,fde,ml
725,0.7832363280864643,fde,ml
726,0.18790013617218412,fde,ml
727,0.6880379030881775,fde,ml
728,1.5006709566598115,fde,ml
729,0.18166072784647128,fde,ml
730,0.7392949261546736,fde,ml
731,2.2249148562420142,fde,ml
732,0.2736076790909979,fde,ml
733,0.7987400859249787,fde,ml
734,2.8011985760789013,fde,ml
735,0.2802938531890989,fde,ml
736,0.7755573358505145,fde,ml
737,2.9980112370685794,fde,ml
738,0.35735237890771177,fde,ml
739,0.15632609142202022,fde,ml
740,2.8997973795754386,fde,ml
741,0.420137194561926,fde,ml
742,0.4355896118222851,fde,ml
743,3.1366906384573707,fde,ml
744,0.5851724260896843,fde,ml
745,0.4756890644586198,fde,ml
746,0.6879047594164839,fde,ml
747,0.6156208632760338,fde,ml
748,0.802266487274411,fde,ml
749,0.9462881239789204,fde,ml
750,0.8156292408506732,fde,ml
751,1.1267190457161604,fde,ml
752,0.9832808298478765,fde,ml
753,1.1957240347401212,fde,ml
754,0.42238737630454937,fde,ml
755,1.2526537575017773,fde,ml
756,0.5394876353480977,fde,ml
757,1.3564733980993635,fde,ml
758,1.1319812616106302,fde,ml
759,1.4334625610631182,fde,ml
760,0.7923359784370497,fde,ml
761,0.6743588562364115,fde,ml
762,1.4911014923800547,fde,ml
763,0.3691004267549132,fde,ml
764,1.7676699416780697,fde,ml
765,0.4292697441652487,fde,ml
766,1.856680559156382,fde,ml
767,1.2450544089942606,fde,ml
768,0.28374069101902827,fde,ml
769,0.4191590293491477,fde,ml
770,0.6689440758991698,fde,ml
771,0.36613345198048364,fde,ml
772,0.6392184491966025,fde,ml
773,0.5260504541755446,fde,ml
774,0.5192032918575739,fde,ml
775,0.4309219881831879,fde,ml
776,0.9955420264126242,fde,ml
777,0.5068524620424436,fde,ml
778,0.5099875290203139,fde,ml
779,0.4701313467697698,fde,ml
780,1.0070984736668749,fde,ml
781,0.3093164740169985,fde,ml
782,0.4573310831608328,fde,ml
783,0.3204475383478257,fde,ml
784,0.3449043595557986,fde,ml
785,0.4328243250226736,fde,ml
786,0.4556068917781946,fde,ml
787,0.28976427713041525,fde,ml
788,0.20909819199567706,fde,ml
789,0.3965675126089892,fde,ml
790,0.28718158811937194,fde,ml
791,0.8266373466839277,fde,ml
792,0.23771708681176856,fde,ml
793,0.5555670118313007,fde,ml
794,0.5501286537662294,fde,ml
795,0.34966249082631107,fde,ml
796,0.6463917145243101,fde,ml
797,0.714922229959834,fde,ml
798,0.12077758345572648,fde,ml
799,0.7109202639246723,fde,ml
800,0.5175587563350047,fde,ml
801,0.2193600055305507,fde,ml
802,0.7198931881223768,fde,ml
803,0.49759028376752595,fde,ml
804,0.1584191796925101,fde,ml
805,0.7654866852980035,fde,ml
806,0.8252951782251863,fde,ml
807,0.21395159866333363,fde,ml
808,0.8586818717891072,fde,ml
809,0.862784467480154,fde,ml
810,0.3719257620469167,fde,ml
811,0.5714283957663778,fde,ml
812,0.42058828232750367,fde,ml
813,0.3247974734845974,fde,ml
814,0.6104137069828034,fde,ml
815,1.1866202332974356,fde,ml
816,0.2412328068846751,fde,ml
817,0.48514870259459714,fde,ml
818,0.3010310132127485,fde,ml
819,1.3090957868767026,fde,ml
820,0.3497361977378321,fde,ml
821,0.47916177609087107,fde,ml
822,1.2383102359045666,fde,ml
823,0.6232273921756372,fde,ml
824,0.6866205879492456,fde,ml
825,0.7124331805561341,fde,ml
826,0.9556085291619457,fde,ml
827,0.8368358982950589,fde,ml
828,0.9091612895514566,fde,ml
829,0.6727927628871891,fde,ml
830,0.9499639340025112,fde,ml
831,0.5933730282714075,fde,ml
832,0.47343041463632807,fde,ml
833,0.5386325480571919,fde,ml
834,0.6272899564993566,fde,ml
835,0.3783926670505824,fde,ml
836,0.6637048977314365,fde,ml
837,0.31999128725327536,fde,ml
838,0.815054852547013,fde,ml
839,0.6253927723222482,fde,ml
840,0.17841427726710798,fde,ml
841,0.9040158619238401,fde,ml
842,0.281767541039642,fde,ml
843,0.19142364118086616,fde,ml
844,0.13321505550778548,fde,ml
845,0.08801744028061616,fde,ml
846,0.2913368493788987,fde,ml
847,0.14486517951272254,fde,ml
848,0.33341056063164265,fde,ml
849,0.23669310047426492,fde,ml
850,0.2866949955232626,fde,ml
851,0.28257208789003757,fde,ml
852,0.5207544013480011,fde,ml
853,0.28849883760028744,fde,ml
854,0.33376243151991464,fde,ml
855,0.4728422610545672,fde,ml
856,0.2339940326852173,fde,ml
857,0.36626672436820024,fde,ml
858,0.509708125860685,fde,ml
859,0.3071413366122521,fde,ml
860,0.4612961280813212,fde,ml
861,0.6232964829113891,fde,ml
862,1.1058313795202328,fde,ml
863,0.11368846325428272,fde,ml
864,0.3677597629115578,fde,ml
865,0.5803376607219979,fde,ml
866,0.17893143058245609,fde,ml
867,0.3714742467885262,fde,ml
868,0.42723147337106543,fde,ml
869,0.5975995942643466,fde,ml
870,0.16850083012316067,fde,ml
871,1.240175631307888,fde,ml
872,0.4491798807337113,fde,ml
873,0.5956911871387823,fde,ml
874,0.22509704410041975,fde,ml
875,1.7275595008011992,fde,ml
876,0.3679604047579911,fde,ml
877,0.2500844242775114,fde,ml
878,1.3837918167462415,fde,ml
879,0.5039322742592629,fde,ml
880,0.4202611353145362,fde,ml
881,1.0560944857984291,fde,ml
882,0.49831783135193736,fde,ml
883,0.16425085288270286,fde,ml
884,0.2720604480672279,fde,ml
885,0.5384075684437594,fde,ml
886,0.1940934445052267,fde,ml
887,0.29279957919619104,fde,ml
888,0.48865150164524657,fde,ml
889,0.3368284430501983,fde,ml
890,0.3977448319426252,fde,ml
891,0.31841280797240984,fde,ml
892,0.33075355241972815,fde,ml
893,0.4852752201420724,fde,ml
894,0.45572057432299784,fde,ml
895,0.7140668069887623,fde,ml
896,0.48411518174978285,fde,ml
897,0.35366084495112826,fde,ml
898,0.39329065367685945,fde,ml
899,0.3692387490420916,fde,ml
900,0.45509300404491804,fde,ml
901,0.5995321022315075,fde,ml
902,0.4302654655219027,fde,ml
903,0.43265148013196575,fde,ml
904,0.32649097500811386,fde,ml
905,0.5137873875284595,fde,ml
906,0.6831705032420154,fde,ml
907,0.15849239723521463,fde,ml
908,0.5282808318659091,fde,ml
909,0.9181197039669261,fde,ml
910,0.17446606841068563,fde,ml
911,0.9757244319202334,fde,ml
912,0.31597519639923916,fde,ml
913,0.9861968032057645,fde,ml
914,0.2671264523191445,fde,ml
915,0.7448744923710616,fde,ml
916,1.0382931053622826,fde,ml
917,1.478749517772231,fde,ml
918,1.8937524886382515,fde,ml
919,0.7679590432318666,fde,ml
920,0.5459956954495631,fde,ml
921,0.07880834911462238,fde,ml
922,0.24919985113664736,fde,ml
923,0.5952700428427783,fde,ml
924,0.3963916063528341,fde,ml
925,0.5060839575302051,fde,ml
926,0.6772540259118569,fde,ml
927,0.7872083422968768,fde,ml
928,0.8176365533866934,fde,ml
929,0.2406834216039454,fde,ml
930,0.8702921841368298,fde,ml
931,0.7426013747193251,fde,ml
932,0.252063446611534,fde,ml
933,0.759741446905658,fde,ml
934,0.8438057312746507,fde,ml
935,0.17532507267946434,fde,ml
936,0.5638118213210828,fde,ml
937,0.7958750677853669,fde,ml
938,0.682904807859873,fde,ml
939,0.30467871562744986,fde,ml
940,0.5968098818752914,fde,ml
941,0.878818692489472,fde,ml
942,0.59621515013831,fde,ml
943,0.1384715080136204,fde,ml
944,0.39020635402866266,fde,ml
945,1.2536206958802094,fde,ml
946,0.3241905791062194,fde,ml
947,0.2600135746459021,fde,ml
948,0.4265810970900032,fde,ml
949,0.9985754559145463,fde,ml
950,1.7153167108529082,fde,ml
951,0.7107884347582469,fde,ml
952,2.1681842293089537,fde,ml
953,0.3111651078415989,fde,ml
954,0.3056235264565176,fde,ml
955,1.368928913099791,fde,ml
956,1.7386060721797953,fde,ml
957,1.3209751691133829,fde,ml
958,2.2091423542827315,fde,ml
959,0.34320164370612466,fde,ml
960,0.34338033534564716,fde,ml
961,0.9682680033961482,fde,ml
962,1.5629143605990763,fde,ml
963,2.298204665222985,fde,ml
964,2.7241521865608367,fde,ml
965,0.6474517196508245,fde,ml
966,0.47297503887928866,fde,ml
967,0.4391396852788463,fde,ml
968,1.4740361800598527,fde,ml
969,2.616332348151089,fde,ml
970,1.6244747234280228,fde,ml
971,1.0820007550888617,fde,ml
972,0.6384162475585323,fde,ml
973,0.72595950775894,fde,ml
974,1.6164352545474319,fde,ml
975,0.7980865348095474,fde,ml
976,1.6218808274571532,fde,ml
977,1.3836622198521673,fde,ml
978,0.6242067998916037,fde,ml
979,0.5760905846645833,fde,ml
980,0.4520614115625895,fde,ml
981,0.5456659437828728,fde,ml
982,0.749096383412273,fde,ml
983,1.5130661841179383,fde,ml
984,0.8415021506478082,fde,ml
985,0.6270731015801914,fde,ml
986,0.27806433056639085,fde,ml
987,0.47419759291738095,fde,ml
988,0.5359673540644558,fde,ml
989,1.6249711615498983,fde,ml
990,1.4676540153052862,fde,ml
991,0.7760353704260203,fde,ml
992,0.4593921971463628,fde,ml
993,0.8217801295380953,fde,ml
994,0.8419245196297714,fde,ml
995,0.11869774366381022,fde,ml
996,0.44659953459326535,fde,ml
997,1.1596132286444614,fde,ml
998,1.2597326088476493,fde,ml
999,0.23886194876484607,fde,ml
1000,0.41614581728004557,fde,ml
1001,1.230121363698056,fde,ml
1002,0.4824353539382314,fde,ml
1003,1.5501852190817802,fde,ml
1004,0.1911663009613091,fde,ml
1005,0.5091365671249075,fde,ml
1006,0.2215821502997046,fde,ml
1007,0.5084788192731036,fde,ml
1008,0.35152667845233027,fde,ml
1009,0.17442027412857547,fde,ml
1010,0.4533719814508842,fde,ml
1011,0.3339723390431984,fde,ml
1012,0.2837926816074706,fde,ml
1013,0.6276479645585358,fde,ml
1014,0.4593411192636289,fde,ml
1015,0.32670925659205613,fde,ml
1016,0.5516413795294095,fde,ml
1017,0.7012226783908558,fde,ml
1018,0.5482282987230437,fde,ml
1019,0.47636332750606947,fde,ml
1020,0.7310299723119578,fde,ml
1021,0.6329668478688876,fde,ml
1022,0.6539942706333749,fde,ml
1023,0.8814230659334218,fde,ml
1024,0.6808259650036211,fde,ml
1025,0.8650916134824742,fde,ml
1026,0.8621880925143959,fde,ml
1027,0.5636503920897871,fde,ml
1028,0.9286270844754251,fde,ml
1029,0.502911612871248,fde,ml
1030,0.5124793504314092,fde,ml
1031,0.469491202909313,fde,ml
1032,0.20970661930782672,fde,ml
1033,0.5908049578352481,fde,ml
1034,0.1255697992325428,fde,ml
1035,0.27035890317998684,fde,ml
1036,0.4470242171594262,fde,ml
1037,0.17120913980201544,fde,ml
1038,0.20872418733215348,fde,ml
1039,0.15317022478199563,fde,ml
1040,0.07805268281007575,fde,ml
1041,0.26051608645016894,fde,ml
1042,0.03347186106759506,fde,ml
1043,0.1916575029274546,fde,ml
1044,0.6502018935247251,fde,ml
1045,0.3703885586429614,fde,ml
1046,0.5717643540987194,fde,ml
1047,0.46111136754981885,fde,ml
1048,0.5681972899514777,fde,ml
1049,0.608716034855688,fde,ml
1050,0.8199037590508474,fde,ml
1051,0.7952196459941684,fde,ml
1052,1.1110393055112844,fde,ml
1053,1.0422768846313046,fde,ml
1054,1.4115168936387459,fde,ml
1055,1.3402006146099892,fde,ml
1056,1.7367806070255265,fde,ml
1057,1.655832448919631,fde,ml
1058,2.1315646722112884,fde,ml
1059,2.061297481136958,fde,ml
1060,2.585377345120493,fde,ml
1061,2.2018394500494782,fde,ml
1062,3.0501902763244577,fde,ml
1063,2.4194970163472993,fde,ml
1064,3.208238955708931,fde,ml
1065,2.853454630329494,fde,ml
1066,3.087909186309095,fde,ml
1067,2.887115176141303,fde,ml
1068,3.3501424604159977,fde,ml
1069,2.739146110074591,fde,ml
1070,3.081955789235547,fde,ml
1071,2.6462376758021477,fde,ml
1072,2.58208964942009,fde,ml
1073,2.1082739847114462,fde,ml
1074,2.837507824227805,fde,ml
1075,1.8642807737967126,fde,ml
1076,1.9278016008253398,fde,ml
1077,2.0974317323353957,fde,ml
1078,1.4477512989467984,fde,ml
1079,1.4210019765475395,fde,ml
1080,1.7440555859913747,fde,ml
1081,0.7938799090794946,fde,ml
1082,1.127734824040673,fde,ml
1083,0.8986969364962433,fde,ml
1084,0.6273289283927436,fde,ml
1085,0.7880627626313004,fde,ml
1086,0.9466102758099777,fde,ml
1087,0.6087885773809394,fde,ml
1088,0.5717087574640004,fde,ml
1089,0.5740133226913036,fde,ml
1090,0.22501675269745922,fde,ml
1091,0.5830437038609858,fde,ml
1092,0.3615072044174398,fde,ml
1093,0.48982428361985636,fde,ml
1094,0.42113986151522076,fde,ml
1095,0.50994251731269,fde,ml
1096,0.43906937430246956,fde,ml
1097,0.5286738300516631,fde,ml
1098,0.637104694436576,fde,ml
1099,0.5363290740421619,fde,ml
1100,0.5369938015283268,fde,ml
1101,0.6567101103701192,fde,ml
1102,0.6328422252867981,fde,ml
1103,0.6506551057890418,fde,ml
1104,0.7050226923654872,fde,ml
1105,0.46560382606330525,fde,ml
1106,1.3798218673239102,fde,ml
1107,0.7971502829756201,fde,ml
1108,0.577750810450748,fde,ml
1109,1.265179819191213,fde,ml
1110,0.5144910466689696,fde,ml
1111,0.6025352983318195,fde,ml
1112,0.6383384096367924,fde,ml
1113,0.3358458753631155,fde,ml
1114,0.5061964518656547,fde,ml
1115,0.3775842641734171,fde,ml
1116,0.453245489724781,fde,ml
1117,0.40371382094069425,fde,ml
1118,0.37256562262672277,fde,ml
1119,0.15076448353450114,fde,ml
1120,0.2953436459973893,fde,ml
1121,0.36938835474745196,fde,ml
1122,0.5209028823986139,fde,ml
1123,0.10098851427104792,fde,ml
1124,0.7943490842253934,fde,ml
1125,0.10720593123204424,fde,ml
1126,0.31391353530764354,fde,ml
1127,0.8365622673839676,fde,ml
1128,0.08230031963987744,fde,ml
1129,0.5059411217993101,fde,ml
1130,0.25886729278460424,fde,ml
1131,0.7973548667361884,fde,ml
1132,0.2000628012080006,fde,ml
1133,0.3415732589221006,fde,ml
1134,0.8351529055148795,fde,ml
1135,0.3013039513142702,fde,ml
1136,1.0790529093747223,fde,ml
1137,0.2877037804207577,fde,ml
1138,1.2154996187355318,fde,ml
1139,0.3925183934657413,fde,ml
1140,0.6863025588825119,fde,ml
1141,0.19789079712513685,fde,ml
1142,0.3110534063118234,fde,ml
1143,0.36965120024101566,fde,ml
1144,0.5503085783803308,fde,ml
1145,0.4346998263779928,fde,ml
1146,0.8001909614862793,fde,ml
1147,0.1550814805345429,fde,ml
1148,1.3518174935387175,fde,ml
1149,1.0410890815827376,fde,ml
1150,1.5271601830319719,fde,ml
1151,1.0643778094818603,fde,ml
1152,1.6029608894548533,fde,ml
1153,0.5406158179905639,fde,ml
1154,1.195234226989001,fde,ml
1155,0.4102249144845901,fde,ml
1156,1.1071735904502082,fde,ml
1157,0.5783899342147678,fde,ml
1158,1.3309426628471335,fde,ml
1159,0.5966446352689728,fde,ml
1160,0.817526678193161,fde,ml
1161,0.6562684915804219,fde,ml
1162,0.47969015927133635,fde,ml
1163,0.6763285279619408,fde,ml
1164,0.5694551657639262,fde,ml
1165,0.6405002173631921,fde,ml
1166,0.8419606213560142,fde,ml
1167,0.5918802371254867,fde,ml
1168,0.8772565354739609,fde,ml
1169,0.21945220519027714,fde,ml
1170,0.25218435460269634,fde,ml
1171,0.17912374708533702,fde,ml
1172,0.13831879192011023,fde,ml
1173,0.7179581880376559,fde,ml
1174,0.413779748342926,fde,ml
1175,0.35597992144239243,fde,ml
1176,0.2806081386624656,fde,ml
1177,0.14434278700230763,fde,ml
1178,0.10916432199383055,fde,ml
1179,0.21311730248492428,fde,ml
1180,0.9134276176095466,fde,ml
1181,1.4062991128376765,fde,ml
1182,0.9869020688135477,fde,ml
1183,0.4356843902637465,fde,ml
1184,0.3973125578997164,fde,ml
1185,0.6528618845868659,fde,ml
1186,0.32279819629025247,fde,ml
1187,0.4113720425147439,fde,ml
1188,0.20796764282024338,fde,ml
1189,0.38571796304184297,fde,ml
1190,0.35255304354759043,fde,ml
1191,0.43212061766522986,fde,ml
1192,0.6598560470181094,fde,ml
1193,0.7039673286022192,fde,ml
1194,0.810861034517989,fde,ml
1195,0.3443303922972737,fde,ml
1196,0.7657148809790202,fde,ml
1197,0.18797788387520725,fde,ml
1198,0.3839213170309597,fde,ml
1199,0.3217775589961371,fde,ml
1200,0.17632749596643507,fde,ml
1201,0.33083828982386887,fde,ml
1202,0.4046420024176832,fde,ml
1203,0.4423359263404907,fde,ml
1204,0.44094646479957955,fde,ml
1205,0.5866734636602438,fde,ml
1206,0.9089854337537216,fde,ml
1207,1.2174307783015834,fde,ml
1208,1.056942842862376,fde,ml
1209,1.2116825868002519,fde,ml
1210,1.3148385827625404,fde,ml
1211,1.1206402714737307,fde,ml
1212,1.271640368175797,fde,ml
1213,1.0646139834919577,fde,ml
1214,0.6909772206889312,fde,ml
1215,1.2102593281596463,fde,ml
1216,1.184685395676828,fde,ml
1217,0.6445471376412911,fde,ml
1218,0.5690252169974429,fde,ml
1219,1.2391019712402707,fde,ml
1220,0.6196100860515938,fde,ml
1221,0.37079549672421386,fde,ml
1222,0.09776516097873414,fde,ml
1223,0.9709143512323715,fde,ml
1224,0.5197068926683658,fde,ml
1225,0.4134996029445071,fde,ml
1226,0.02753892013864552,fde,ml
1227,0.26821660666383496,fde,ml
1228,0.5611290835077267,fde,ml
1229,0.4294585647513356,fde,ml
1230,0.1918852280463149,fde,ml
1231,0.15966455553698147,fde,ml
1232,0.6190576985148681,fde,ml
1233,0.5523329081475863,fde,ml
1234,0.24534132908720263,fde,ml
1235,1.6609120557010992,fde,ml
1236,0.12775805688692324,fde,ml
1237,0.2098813747029212,fde,ml
1238,0.7118295544305568,fde,ml
1239,0.6776116496538674,fde,ml
1240,0.31771276210564314,fde,ml
1241,1.8243217347629948,fde,ml
1242,0.2822176195353742,fde,ml
1243,0.8826366420476629,fde,ml
1244,0.30431187188902176,fde,ml
1245,0.5868215772781575,fde,ml
1246,0.6820823848842239,fde,ml
1247,0.5337200911166765,fde,ml
1248,1.6601141319363473,fde,ml
1249,0.21155869182526768,fde,ml
1250,0.9304909307475961,fde,ml
1251,0.31150035087546546,fde,ml
1252,0.27915594283285916,fde,ml
1253,0.5660186052422131,fde,ml
1254,0.7377486879686447,fde,ml
1255,1.0377753325024524,fde,ml
1256,0.33328126333825,fde,ml
1257,0.6514823550341067,fde,ml
1258,1.2664404440963282,fde,ml
1259,0.4316598572965883,fde,ml
1260,0.23782171771639807,fde,ml
1261,0.7454656470500636,fde,ml
1262,0.48718129327035625,fde,ml
1263,1.188630457991487,fde,ml
1264,0.27574769299220536,fde,ml
1265,1.1247535677771114,fde,ml
1266,1.742588968190216,fde,ml
1267,0.6135453517011755,fde,ml
1268,0.5259395516162594,fde,ml
1269,0.3613673923238994,fde,ml
1270,0.8194709302447648,fde,ml
1271,0.3752391753317374,fde,ml
1272,1.289401296480386,fde,ml
1273,0.26380135436714003,fde,ml
1274,1.346082242873485,fde,ml
1275,2.227470799925709,fde,ml
1276,0.641707786865197,fde,ml
1277,0.6220158400471282,fde,ml
1278,0.44050086350659595,fde,ml
1279,0.5475013092037943,fde,ml
1280,0.6991352489925398,fde,ml
1281,0.7005034690190489,fde,ml
1282,0.6068964641926151,fde,ml
1283,1.6071129074767703,fde,ml
1284,2.7087843819937345,fde,ml
1285,0.12580470301210606,fde,ml
1286,0.13580713599441452,fde,ml
1287,0.32076187009178525,fde,ml
1288,0.5326301878028442,fde,ml
1289,0.3297925127326671,fde,ml
1290,0.8100965982951341,fde,ml
1291,0.9738119162352963,fde,ml
1292,0.7892521971553145,fde,ml
1293,1.3073503426613293,fde,ml
1294,3.1933958313560242,fde,ml
1295,0.2710410938372794,fde,ml
1296,0.4084715407592267,fde,ml
1297,0.06882639487634026,fde,ml
1298,0.668870227664091,fde,ml
1299,0.48314570149708846,fde,ml
1300,0.8806077299026763,fde,ml
1301,1.616773334440603,fde,ml
1302,1.0912269956850864,fde,ml
1303,1.2417064042393684,fde,ml
1304,3.652765719136088,fde,ml
1305,0.5859681079688606,fde,ml
1306,0.6485016734498833,fde,ml
1307,0.07972267263616202,fde,ml
1308,0.7169302232264847,fde,ml
1309,0.4405125912720227,fde,ml
1310,0.8960832000225561,fde,ml
1311,1.6366038837169554,fde,ml
1312,1.7097172436413757,fde,ml
1313,1.352117759981596,fde,ml
1314,4.110769436562997,fde,ml
1315,0.7339267996270377,fde,ml
1316,0.8691095823439818,fde,ml
1317,0.09438953673955604,fde,ml
1318,0.7237588638586608,fde,ml
1319,0.4659336082262834,fde,ml
1320,1.1068191355335448,fde,ml
1321,1.649879218524361,fde,ml
1322,1.9249514621367911,fde,ml
1323,1.0181614198655526,fde,ml
1324,3.2780932494714707,fde,ml
1325,0.8935022486860522,fde,ml
1326,1.1959380810929685,fde,ml
1327,0.20322723466114084,fde,ml
1328,0.7571456197269751,fde,ml
1329,0.32050521235854534,fde,ml
1330,1.0475634401106328,fde,ml
1331,1.6673209114116172,fde,ml
1332,0.8208311746068032,fde,ml
1333,1.0131035794713776,fde,ml
1334,2.1081791479509815,fde,ml
1335,0.7424687017391779,fde,ml
1336,1.494562159051837,fde,ml
1337,0.5484788641024785,fde,ml
1338,0.39457044165528743,fde,ml
1339,0.2870967802653425,fde,ml
1340,0.6504778884995391,fde,ml
1341,1.9121235753219905,fde,ml
1342,0.8788097767081081,fde,ml
1343,0.9648657932106888,fde,ml
1344,2.44731004583743,fde,ml
1345,0.9504329358793346,fde,ml
1346,1.7392546584886455,fde,ml
1347,0.6983269163954743,fde,ml
1348,0.6654304902807106,fde,ml
1349,0.3093324560883031,fde,ml
1350,1.8466648168420312,fde,ml
1351,0.8055099456318551,fde,ml
1352,0.11983884494492747,fde,ml
1353,2.023507281902084,fde,ml
1354,1.0543842307365197,fde,ml
1355,0.7148294946112088,fde,ml
1356,0.7603486006047108,fde,ml
1357,0.9064017770691999,fde,ml
1358,0.2818677122951729,fde,ml
1359,0.8413103811402846,fde,ml
1360,0.7895317374681832,fde,ml
1361,0.32809818742490493,fde,ml
1362,0.3352185306239951,fde,ml
1363,0.8468141371221527,fde,ml
1364,0.4298167738667162,fde,ml
1365,0.8830919113642088,fde,ml
1366,0.9937920341195909,fde,ml
1367,0.24395506698960195,fde,ml
1368,0.9056839854400474,fde,ml
1369,0.4716695309103421,fde,ml
1370,0.5460032630564908,fde,ml
1371,0.8376333979258958,fde,ml
1372,0.6806223358053145,fde,ml
1373,0.589473686401504,fde,ml
1374,1.0534812556188953,fde,ml
1375,0.09366073659939275,fde,ml
1376,1.2668203111756822,fde,ml
1377,0.5367338459256757,fde,ml
1378,0.45321258798850655,fde,ml
1379,1.0757763170502597,fde,ml
1380,0.2895649375128212,fde,ml
1381,0.3399346708253332,fde,ml
1382,0.5358053288330642,fde,ml
1383,0.06498446012897678,fde,ml
1384,1.1273453747121704,fde,ml
1385,0.743073078331701,fde,ml
1386,0.4550580466525684,fde,ml
1387,0.4706717818264536,fde,ml
1388,0.9316477433362663,fde,ml
1389,0.33414023200588355,fde,ml
1390,0.3767250100820435,fde,ml
1391,0.04185814627351792,fde,ml
1392,1.1194454447929991,fde,ml
1393,0.6218874182485373,fde,ml
1394,0.3823256917012273,fde,ml
1395,0.4179386384068484,fde,ml
1396,1.2260144564726827,fde,ml
1397,0.3594798978892037,fde,ml
1398,0.4295621919566522,fde,ml
1399,0.15795011341690707,fde,ml
1400,0.7106721180761131,fde,ml
1401,0.6750007148531052,fde,ml
1402,0.785665498286256,fde,ml
1403,0.41256273973670027,fde,ml
1404,1.2739520852879622,fde,ml
1405,0.39159910827002853,fde,ml
1406,0.4409337992045382,fde,ml
1407,0.29004080453156345,fde,ml
1408,0.7735417933255333,fde,ml
1409,0.7562576406715273,fde,ml
1410,0.6885829874989451,fde,ml
1411,0.36128575165217647,fde,ml
1412,1.1618650182378059,fde,ml
1413,0.47607535898147135,fde,ml
1414,0.5308004947108077,fde,ml
1415,0.06222293500136463,fde,ml
1416,0.3406384448272582,fde,ml
1417,0.9046180343657884,fde,ml
1418,1.3314247931362413,fde,ml
1419,0.5727680118309209,fde,ml
1420,0.8917001209706258,fde,ml
1421,0.6974414016591901,fde,ml
1422,0.2528209697140212,fde,ml
1423,0.43480473438154155,fde,ml
1424,0.9843995939671966,fde,ml
1425,1.6482697898777496,fde,ml
1426,0.20959403069288224,fde,ml
1427,1.1661424007855323,fde,ml
1428,0.8134905669418301,fde,ml
1429,0.11334917392057345,fde,ml
1430,0.49602060761080724,fde,ml
1431,1.082899073234663,fde,ml
1432,1.8368383299513622,fde,ml
1433,0.20114485637317905,fde,ml
1434,0.344942524948994,fde,ml
1435,0.3277681761784532,fde,ml
1436,0.9900114557766788,fde,ml
1437,0.7097334878224195,fde,ml
1438,0.9888970286945444,fde,ml
1439,0.2763295077897016,fde,ml
1440,0.6141331712954149,fde,ml
1441,1.2453878445554152,fde,ml
1442,1.0397373430562569,fde,ml
1443,0.11023130840500756,fde,ml
1444,0.9378575051861531,fde,ml
1445,0.6261306700522163,fde,ml
1446,0.3248639391192227,fde,ml
1447,0.37524769122545215,fde,ml
1448,1.0272875958911312,fde,ml
1449,0.8195531849834917,fde,ml
1450,0.7026069699793795,fde,ml
1451,1.156810527462222,fde,ml
1452,0.5619850479748956,fde,ml
1453,0.13138930863,fde,ml
1454,0.9274468587714215,fde,ml
1455,0.4601783797795118,fde,ml
1456,0.7166396130096178,fde,ml
1457,0.5430617624814362,fde,ml
1458,1.3390006332745215,fde,ml
1459,0.9207600403531537,fde,ml
1460,0.9865069781650667,fde,ml
1461,0.8362059685640729,fde,ml
1462,1.4631773711575704,fde,ml
1463,0.14960620937791846,fde,ml
1464,1.0104444735003477,fde,ml
1465,0.5311811278406434,fde,ml
1466,0.6637277499135136,fde,ml
1467,0.26766838537770976,fde,ml
1468,1.5427439827093135,fde,ml
1469,0.4285937141852974,fde,ml
1470,1.0907774526099159,fde,ml
1471,0.9167527414654527,fde,ml
1472,0.7057003647748015,fde,ml
1473,0.6637339059594375,fde,ml
1474,0.5890717917146764,fde,ml
1475,0.8117582279645414,fde,ml
1476,1.7347110606090936,fde,ml
1477,0.652702357991531,fde,ml
1478,1.0432781148803134,fde,ml
1479,0.7399138495035971,fde,ml
1480,0.8602574139704574,fde,ml
1481,1.2476877533578783,fde,ml
1482,0.39403337143681544,fde,ml
1483,1.0762843884137758,fde,ml
1484,1.717123984362391,fde,ml
1485,0.8119666232115434,fde,ml
1486,0.11847360538910924,fde,ml
1487,0.6951084319402329,fde,ml
1488,0.7434264644857614,fde,ml
1489,0.6999270287081404,fde,ml
1490,0.9448141838910197,fde,ml
1491,1.295042638974235,fde,ml
1492,0.6650665784199546,fde,ml
1493,1.09872201963378,fde,ml
1494,0.90032606769835,fde,ml
1495,1.044085851106966,fde,ml
1496,0.3822227399121576,fde,ml
1497,0.11199105211807153,fde,ml
1498,0.8393577580777749,fde,ml
1499,0.776597046257649,fde,ml
1500,0.7329996239075042,fde,ml
1501,0.5334720464253648,fde,ml
1502,1.5485500233749678,fde,ml
1503,0.7674120622559677,fde,ml
1504,0.9811768066300748,fde,ml
1505,0.23154333900606963,fde,ml
1506,1.2870687767111544,fde,ml
1507,0.5966424883048612,fde,ml
1508,0.29857407455313617,fde,ml
1509,0.9305324275768436,fde,ml
1510,0.8215081451400099,fde,ml
1511,0.7557625073006764,fde,ml
1512,0.12653321705872128,fde,ml
1513,1.7689197893967745,fde,ml
1514,1.3448941260108709,fde,ml
1515,1.3184953406049733,fde,ml
1516,0.2792232505907911,fde,ml
1517,1.5227894181936257,fde,ml
1518,0.7661437813985434,fde,ml
1519,0.7275891389320195,fde,ml
1520,1.06981980939095,fde,ml
1521,0.6686148870527553,fde,ml
1522,0.5720042077741926,fde,ml
1523,0.13244504194180046,fde,ml
1524,2.067934069371454,fde,ml
1525,1.8233654989182975,fde,ml
1526,1.3775077437940373,fde,ml
1527,0.4820457289546502,fde,ml
1528,0.4446010903137617,fde,ml
1529,0.5098308426129693,fde,ml
1530,1.1791439751081683,fde,ml
1531,0.6933082363533277,fde,ml
1532,1.2008380781121575,fde,ml
1533,0.507556595990524,fde,ml
1534,0.3748460479048992,fde,ml
1535,0.180536678217844,fde,ml
1536,0.992615067466401,fde,ml
1537,1.3901488760246,fde,ml
1538,1.5094191349439754,fde,ml
1539,0.9316163158898382,fde,ml
1540,0.8496577558487823,fde,ml
1541,0.4323869801677278,fde,ml
1542,1.1686573291030322,fde,ml
1543,0.6844196024613648,fde,ml
1544,0.773572053042773,fde,ml
1545,0.8847245788691995,fde,ml
1546,0.6068824648036704,fde,ml
1547,0.4064058411286376,fde,ml
1548,0.8115759071457994,fde,ml
1549,1.4824440044228362,fde,ml
1550,0.9270234387208914,fde,ml
1551,1.4042579834011273,fde,ml
1552,0.9850801114034574,fde,ml
1553,0.6945093662711858,fde,ml
1554,1.363415379675052,fde,ml
1555,0.7457087320688658,fde,ml
1556,0.8100744710453113,fde,ml
1557,0.5617783988122359,fde,ml
1558,0.7346302584446097,fde,ml
1559,0.48971771323725205,fde,ml
1560,0.43199225662779067,fde,ml
1561,0.7557323003758745,fde,ml
1562,0.6582342473465014,fde,ml
1563,0.4090986581604743,fde,ml
1564,1.9440010062860211,fde,ml
1565,1.2698419643572973,fde,ml
1566,0.610359717734181,fde,ml
1567,0.2713971891092147,fde,ml
1568,0.8314271329575034,fde,ml
1569,1.0743813726092295,fde,ml
1570,0.5850887579825402,fde,ml
1571,0.6874978723637649,fde,ml
1572,0.8072175604228282,fde,ml
1573,0.7345304630611537,fde,ml
1574,2.457185570209185,fde,ml
1575,1.5485376584758948,fde,ml
1576,0.24865230545652608,fde,ml
1577,0.597192584990002,fde,ml
1578,0.9061957321137759,fde,ml
1579,1.5784892162568664,fde,ml
1580,0.6072368630845891,fde,ml
1581,0.8387406202225614,fde,ml
1582,1.0701691789519396,fde,ml
1583,2.989981426424678,fde,ml
1584,0.7415916348866195,fde,ml
1585,0.38211297214192913,fde,ml
1586,0.7895244156887018,fde,ml
1587,1.1726023183440024,fde,ml
1588,1.6158418909216619,fde,ml
1589,0.4486327061173458,fde,ml
1590,0.5766609716985859,fde,ml
1591,1.6588688298614827,fde,ml
1592,3.541329563542285,fde,ml
1593,0.5509024771154823,fde,ml
1594,0.695495211263768,fde,ml
1595,0.6892026976945803,fde,ml
1596,1.647912666776309,fde,ml
1597,1.4686808797097057,fde,ml
1598,0.8068816694257176,fde,ml
1599,0.4198642090302537,fde,ml
1600,2.013284591122128,fde,ml
1601,4.174713263454393,fde,ml
1602,0.7524027753108526,fde,ml
1603,0.5122827267842425,fde,ml
1604,0.6706211240874055,fde,ml
1605,1.8350297613901938,fde,ml
1606,1.0726434009395553,fde,ml
1607,0.8021908543552866,fde,ml
1608,0.3756194328350954,fde,ml
1609,4.528355590742695,fde,ml
1610,0.4073137597714814,fde,ml
1611,0.6161719234742934,fde,ml
1612,0.8307956534276414,fde,ml
1613,1.4585634706838484,fde,ml
1614,1.3249142351329257,fde,ml
1615,0.4450181900864436,fde,ml
1616,0.4026865692898218,fde,ml
1617,3.8377551033396413,fde,ml
1618,0.6324642826982587,fde,ml
1619,0.3752874641145826,fde,ml
1620,0.9084089155114806,fde,ml
1621,0.525307700434758,fde,ml
1622,1.5425434178019535,fde,ml
1623,0.7295838748422473,fde,ml
1624,0.4529980609282452,fde,ml
1625,3.428546198944854,fde,ml
1626,0.802106678836302,fde,ml
1627,0.3745377960582075,fde,ml
1628,0.9247046331954476,fde,ml
1629,0.45935532718813893,fde,ml
1630,0.33034082886253746,fde,ml
1631,0.7042908253236666,fde,ml
1632,0.23199884023351186,fde,ml
1633,2.858290336943123,fde,ml
1634,0.8392699272013655,fde,ml
1635,0.32378647346011297,fde,ml
1636,1.2341868010928927,fde,ml
1637,0.48867563312295614,fde,ml
1638,0.30140468378278296,fde,ml
1639,0.6418392775472302,fde,ml
1640,0.11713922768848085,fde,ml
1641,1.9773200921623728,fde,ml
1642,0.7858903138929095,fde,ml
1643,0.26604598907484,fde,ml
1644,1.3542154663986883,fde,ml
1645,0.5473784812946355,fde,ml
1646,0.6095868443776321,fde,ml
1647,0.503175152019707,fde,ml
1648,1.761934173491078,fde,ml
1649,0.815789705491412,fde,ml
1650,0.42010660520132553,fde,ml
1651,1.4812038658762103,fde,ml
1652,0.6627743740195404,fde,ml
1653,0.4919605094302987,fde,ml
1654,1.2786885557506125,fde,ml
1655,0.8887160740772392,fde,ml
1656,0.836546509474478,fde,ml
1657,0.8125487135511735,fde,ml
1658,0.6445484591318651,fde,ml
1659,0.5867830840885639,fde,ml
1660,1.0202662936168536,fde,ml
1661,0.6208480634991614,fde,ml
1662,0.8643486454051656,fde,ml
1663,0.778313548691612,fde,ml
1664,0.7353383733076072,fde,ml
1665,0.7295907357450072,fde,ml
1666,1.0715042694503747,fde,ml
1667,0.4821116891961679,fde,ml
1668,1.06198251087079,fde,ml
1669,0.8153919322037806,fde,ml
1670,0.9198966579275455,fde,ml
1671,1.1713079495082903,fde,ml
1672,0.7943745902064925,fde,ml
1673,1.2519486407572926,fde,ml
1674,0.16421895689884447,fde,ml
1675,1.0559431904435606,fde,ml
1676,1.38058299337439,fde,ml
1677,0.13484789145252618,fde,ml
1678,1.4575042383008112,fde,ml
1679,1.3432395210108696,fde,ml
1680,1.5382187833247536,fde,ml
1681,1.398495214859875,fde,ml
1682,2.048630564147894,fde,ml
1683,1.0072796865034652,fde,ml
1684,2.048844633895492,fde,ml
1685,0.32831184804088814,fde,ml
1686,1.8692174481053614,fde,ml
1687,0.21544974159842095,fde,ml
1688,0.16823581341237523,fde,ml
1689,0.13349300916178553,fde,ml
1690,0.18005843943022354,fde,ml
1691,0.20976893173346808,fde,ml
1692,0.20545030889778654,fde,ml
1693,0.1791767864816262,fde,ml
1694,0.23253043412053542,fde,ml
1695,0.2809985527294041,fde,ml
1696,0.3381630404423497,fde,ml
1697,0.3382942577030389,fde,ml
1698,0.5349959014650867,fde,ml
1699,0.30412075742369526,fde,ml
1700,0.7847919579123259,fde,ml
1701,0.39297158283088535,fde,ml
1702,1.0617700493629727,fde,ml
1703,0.7588178444173229,fde,ml
1704,1.3390269565622008,fde,ml
1705,0.874775899475397,fde,ml
1706,1.6036807032709928,fde,ml
1707,0.9554416421456707,fde,ml
1708,1.890753920396455,fde,ml
1709,1.0019774625307147,fde,ml
1710,1.0868810518663097,fde,ml
1711,0.8256140126745325,fde,ml
1712,0.737964632148438,fde,ml
1713,0.7354384131723081,fde,ml
1714,0.7679712909392414,fde,ml
1715,0.5382813984453165,fde,ml
1716,0.15744095606917444,fde,ml
1717,0.36513795744519556,fde,ml
1718,0.16843756356515432,fde,ml
1719,0.40120918816899986,fde,ml
1720,0.29182108227404835,fde,ml
1721,0.42990285965570646,fde,ml
1722,0.37827142699436794,fde,ml
1723,0.4687980429360392,fde,ml
1724,0.455612598907473,fde,ml
1725,0.3043462693215902,fde,ml
1726,0.44027558099350683,fde,ml
1727,0.14473685252094717,fde,ml
1728,0.480165849391083,fde,ml
1729,0.5790780887986503,fde,ml
1730,0.29059771401508977,fde,ml
1731,0.5691829644199072,fde,ml
1732,0.5942013251898263,fde,ml
1733,0.4421064601384563,fde,ml
1734,0.6443408878282427,fde,ml
1735,0.756441470500249,fde,ml
1736,0.5943659806354219,fde,ml
1737,0.5751317492936876,fde,ml
1738,0.6261865394236008,fde,ml
1739,0.2818789340744333,fde,ml
1740,0.709766925296945,fde,ml
1741,0.43303642501066913,fde,ml
1742,0.8515789365168521,fde,ml
1743,0.7140798309992933,fde,ml
1744,0.6019374521901808,fde,ml
1745,1.0506961368650742,fde,ml
1746,0.8800128100605786,fde,ml
1747,0.919229181015748,fde,ml
1748,1.271110731747009,fde,ml
1749,1.0968210704903636,fde,ml
1750,1.3358184240651307,fde,ml
1751,1.0815914026213358,fde,ml
1752,0.33838793429018305,fde,ml
1753,0.629937089620149,fde,ml
1754,0.26811182420316293,fde,ml
1755,0.6423958309146753,fde,ml
1756,0.3050350632842287,fde,ml
1757,0.4364203704413017,fde,ml
1758,0.12303995796195721,fde,ml
1759,0.48329573966675093,fde,ml
1760,0.23595215642007727,fde,ml
1761,0.3749425619026753,fde,ml
1762,0.29299373311952137,fde,ml
1763,0.3760745272256559,fde,ml
1764,0.48426406648993303,fde,ml
1765,0.3113903375906156,fde,ml
1766,1.1657864280780639,fde,ml
1767,0.8050685140836412,fde,ml
1768,0.7737108817487793,fde,ml
1769,1.1514050779833358,fde,ml
1770,0.15569163532723548,fde,ml
1771,1.017506952599909,fde,ml
1772,1.0614260671198033,fde,ml
1773,1.1879582771174646,fde,ml
1774,0.2452337677677971,fde,ml
1775,0.9652557128170838,fde,ml
1776,1.0338773927997198,fde,ml
1777,0.25268522084836903,fde,ml
1778,0.6411067546115035,fde,ml
1779,1.008007141340461,fde,ml
1780,1.1169104639748082,fde,ml
1781,0.9103172230841828,fde,ml
1782,0.49807817418944195,fde,ml
1783,0.8254563306213293,fde,ml
1784,1.0506454345149316,fde,ml
1785,0.37661350504678204,fde,ml
1786,1.0195517941059882,fde,ml
1787,0.810557828194454,fde,ml
1788,1.1330418212932363,fde,ml
1789,0.9951270799904498,fde,ml
1790,0.5149323809877191,fde,ml
1791,0.702710870259569,fde,ml
1792,0.3937892994283891,fde,ml
1793,0.7458397943087001,fde,ml
1794,0.4768826693267609,fde,ml
1795,0.9326246811502834,fde,ml
1796,0.5014011266574473,fde,ml
1797,0.7027143482111756,fde,ml
1798,0.5880883666989786,fde,ml
1799,0.5126557247723579,fde,ml
1800,0.5760384125036285,fde,ml
1801,0.4989247027676336,fde,ml
1802,0.431050031433333,fde,ml
1803,0.5800851314850949,fde,ml
1804,0.30908011693155296,fde,ml
1805,0.671693008466588,fde,ml
1806,0.3468017420272658,fde,ml
1807,0.34973775696245374,fde,ml
1808,0.23968478700138582,fde,ml
1809,0.29145961232989975,fde,ml
1810,0.2534645339658873,fde,ml
1811,0.4658109419848109,fde,ml
1812,0.33447612787756936,fde,ml
1813,0.6026606043673636,fde,ml
1814,0.4173416988756698,fde,ml
1815,0.6807109109102059,fde,ml
1816,0.497750771907712,fde,ml
1817,0.7958011178545104,fde,ml
1818,0.5371710675826122,fde,ml
1819,0.8455525935067301,fde,ml
1820,0.606228638629117,fde,ml
1821,0.9589345829022214,fde,ml
1822,0.6892913177568952,fde,ml
1823,0.585036451559496,fde,ml
1824,0.7536888727637816,fde,ml
1825,0.3360941150917165,fde,ml
1826,1.4763931160740673,fde,ml
1827,0.8458997357689799,fde,ml
1828,0.3463531336656151,fde,ml
1829,0.26136112481313517,fde,ml
1830,0.6272007487622235,fde,ml
1831,0.7176416655887218,fde,ml
1832,0.7745070467886539,fde,ml
1833,0.6027876492286117,fde,ml
1834,0.9190808019494924,fde,ml
1835,0.31915910425888094,fde,ml
1836,0.3606906602393059,fde,ml
1837,0.5203056500701058,fde,ml
1838,0.17898149724497675,fde,ml
1839,0.6500575669832354,fde,ml
1840,0.14430552480222197,fde,ml
1841,0.714228183524374,fde,ml
1842,0.6693007733225841,fde,ml
1843,0.3143796975495061,fde,ml
1844,0.13335598786298702,fde,ml
1845,0.563004762327809,fde,ml
1846,0.2684688635570886,fde,ml
1847,0.7994129221672654,fde,ml
1848,0.5375840602541737,fde,ml
1849,0.1680310479858418,fde,ml
1850,0.12364375634596642,fde,ml
1851,0.618989542722418,fde,ml
1852,0.5815360800930419,fde,ml
1853,0.6163149382001083,fde,ml
1854,0.6163892797045275,fde,ml
1855,0.14616768135857677,fde,ml
1856,0.37271056682311887,fde,ml
1857,0.6257254112139983,fde,ml
1858,1.2559803221857868,fde,ml
1859,0.7621614325383176,fde,ml
1860,0.4476816061569325,fde,ml
1861,0.717978032073577,fde,ml
1862,0.8552408562220261,fde,ml
1863,0.6058720953774868,fde,ml
1864,1.5044892126631988,fde,ml
1865,0.8114727708177271,fde,ml
1866,0.3819560329107536,fde,ml
1867,0.8546276996868722,fde,ml
1868,1.1560893795928835,fde,ml
1869,0.598166534297015,fde,ml
1870,1.539171820165587,fde,ml
1871,0.753867423232831,fde,ml
1872,0.4465323619298115,fde,ml
1873,0.8743692091212595,fde,ml
1874,1.2822011186772033,fde,ml
1875,0.5086464131624318,fde,ml
1876,1.5597072462896695,fde,ml
1877,0.6160932628801166,fde,ml
1878,0.3485611192693329,fde,ml
1879,0.8081617470021527,fde,ml
1880,0.18057916421945722,fde,ml
1881,0.49648037522587474,fde,ml
1882,0.6043117768253548,fde,ml
1883,0.7269659555138372,fde,ml
1884,0.7735398322365711,fde,ml
1885,0.4334113976486535,fde,ml
1886,0.9131087087118398,fde,ml
1887,0.5421016644465857,fde,ml
1888,0.5357019154527901,fde,ml
1889,0.46125630246107824,fde,ml
1890,0.9389124544920163,fde,ml
1891,0.9189904886667027,fde,ml
1892,0.48396770840259784,fde,ml
1893,0.25220220176631863,fde,ml
1894,0.7520666094946953,fde,ml
1895,0.4008049936405851,fde,ml
1896,1.0453299708777095,fde,ml
1897,0.5088452189298046,fde,ml
1898,0.8880258325639608,fde,ml
1899,0.6950394407665769,fde,ml
1900,0.5353967916486998,fde,ml
1901,0.2804428317605523,fde,ml
1902,0.4404613878974578,fde,ml
1903,0.30157336846385,fde,ml
1904,1.1263621729219813,fde,ml
1905,0.8960135407854861,fde,ml
1906,0.49256558042029325,fde,ml
1907,0.8550821041453806,fde,ml
1908,0.8235544180980742,fde,ml
1909,0.2984988111446309,fde,ml
1910,0.49428709502500257,fde,ml
1911,0.33611226480079465,fde,ml
1912,0.9136452892751236,fde,ml
1913,1.231026280732358,fde,ml
1914,0.0966969070083029,fde,ml
1915,0.2668836223631039,fde,ml
1916,0.3798011113220593,fde,ml
1917,0.22778722321320694,fde,ml
1918,0.4171157826771567,fde,ml
1919,0.4356951855014695,fde,ml
1920,0.9885993800847784,fde,ml
1921,1.5187915292840126,fde,ml
1922,0.10893892265565701,fde,ml
1923,0.07611074303583766,fde,ml
1924,0.15896139607683646,fde,ml
1925,0.24388635525893074,fde,ml
1926,0.23942668344269796,fde,ml
1927,0.7873763215294852,fde,ml
1928,0.10602188337202176,fde,ml
1929,0.29951509497563406,fde,ml
1930,0.47511546697630636,fde,ml
1931,0.1572447239202383,fde,ml
1932,0.28488765830669804,fde,ml
1933,0.7521298758021008,fde,ml
1934,0.3027751316988244,fde,ml
1935,0.4037721396538243,fde,ml
1936,0.4609246841077538,fde,ml
1937,0.4275243844628003,fde,ml
1938,0.4970443983055575,fde,ml
1939,0.4124278201929124,fde,ml
1940,0.5711119805998658,fde,ml
1941,0.39601153350151036,fde,ml
1942,0.5977397294407586,fde,ml
1943,0.8199500733239806,fde,ml
1944,1.2123970416490624,fde,ml
1945,0.576757754417729,fde,ml
1946,0.6713974617538289,fde,ml
1947,0.6203741131092289,fde,ml
1948,0.44941456843199473,fde,ml
1949,0.28792752738088667,fde,ml
1950,0.6126563434275631,fde,ml
1951,0.8760953585144671,fde,ml
1952,0.2043448253335807,fde,ml
1953,0.6685129796125704,fde,ml
1954,0.9757385433591956,fde,ml
1955,0.17517329354589123,fde,ml
1956,0.7118340000583288,fde,ml
1957,0.26235261669280097,fde,ml
1958,0.37962843417903624,fde,ml
1959,0.6825855243419267,fde,ml
1960,0.2869788599499779,fde,ml
1961,0.5144119417408705,fde,ml
1962,0.25443322124396,fde,ml
1963,0.273799812941084,fde,ml
1964,0.19640849968634094,fde,ml
1965,0.37542709743213587,fde,ml
1966,0.22529893978130627,fde,ml
1967,0.5514851224278744,fde,ml
1968,0.25359185658929617,fde,ml
1969,0.7169141103604195,fde,ml
1970,0.27651223220164284,fde,ml
1971,0.8137900702090545,fde,ml
1972,0.31439407725796725,fde,ml
1973,0.9964582425472638,fde,ml
1974,0.4679157785046779,fde,ml
1975,1.0953588213243768,fde,ml
1976,0.44623421275088937,fde,ml
1977,0.7181537333661748,fde,ml
1978,0.5707827071353516,fde,ml
1979,0.9606691851085825,fde,ml
1980,0.43174538452660854,fde,ml
1981,0.30943878381621187,fde,ml
1982,0.4350982516173114,fde,ml
1983,0.11108963998614674,fde,ml
1984,0.4296295946203362,fde,ml
1985,0.15377483193857877,fde,ml
1986,0.562843655988412,fde,ml
1987,0.47136167919580724,fde,ml
1988,0.5044676412029389,fde,ml
1989,0.23518381567506752,fde,ml
1990,0.7661366960049125,fde,ml
1991,0.44420741218299997,fde,ml
1992,0.5746397624294055,fde,ml
1993,0.4667846292424513,fde,ml
1994,0.7754590190516639,fde,ml
1995,0.48676733595566046,fde,ml
1996,0.601132568770602,fde,ml
1997,0.5705947841453313,fde,ml
1998,0.9699580611476621,fde,ml
1999,0.4508774285770662,fde,ml
2000,0.5053636860106335,fde,ml
2001,0.7739353405016813,fde,ml
2002,1.16788237103408,fde,ml
2003,0.05336998566145091,fde,ml
2004,0.19591750719560153,fde,ml
2005,0.7971448625233248,fde,ml
2006,1.3395090043744282,fde,ml
2007,0.25769651644690345,fde,ml
2008,0.2608237754089392,fde,ml
2009,0.8042703176207564,fde,ml
2010,1.3871000749402354,fde,ml
2011,0.11739790898367022,fde,ml
2012,0.3357609654682712,fde,ml
2013,0.1290062449446359,fde,ml
2014,0.43871986067005114,fde,ml
2015,0.5219065255342332,fde,ml
2016,0.718409987131032,fde,ml
2017,1.0061819214860273,fde,ml
2018,0.9066909703270678,fde,ml
2019,1.1704613343731263,fde,ml
2020,0.6452581620804981,fde,ml
2021,0.8467008049370135,fde,ml
2022,0.5583978381514328,fde,ml
2023,0.5063929716808327,fde,ml
2024,0.39926451218206843,fde,ml
2025,0.5826479327558182,fde,ml
2026,0.1684825230079308,fde,ml
2027,0.3192152547453437,fde,ml
2028,0.6258656214798292,fde,ml
2029,0.8758538877228471,fde,ml
2030,0.23966939527430303,fde,ml
2031,0.21710433899776999,fde,ml
2032,0.682460649602113,fde,ml
2033,0.9490992048109013,fde,ml
2034,0.719083097125991,fde,ml
2035,0.2799112290755938,fde,ml
2036,0.682549443504082,fde,ml
2037,0.8496421165025946,fde,ml
2038,1.5210799245298305,fde,ml
2039,0.8436317342532145,fde,ml
2040,0.27447829562982845,fde,ml
2041,0.31865965492921433,fde,ml
2042,0.04645475547659657,fde,ml
2043,1.8452563951457899,fde,ml
2044,0.8503730204133577,fde,ml
2045,0.40332543822117767,fde,ml
2046,0.1000287331446859,fde,ml
2047,0.11825069789626372,fde,ml
2048,2.2164514419140535,fde,ml
2049,0.33526744401199,fde,ml
2050,0.6765310029329772,fde,ml
2051,0.3696018688006708,fde,ml
2052,0.5065029512026639,fde,ml
2053,0.8515382985652848,fde,ml
2054,0.3377244759880139,fde,ml
2055,0.6275863249183015,fde,ml
2056,0.36447158553627923,fde,ml
2057,0.28349854197475094,fde,ml
2058,0.4028815705337696,fde,ml
2059,0.3753277514002758,fde,ml
2060,0.47250515223934436,fde,ml
2061,0.446771695072725,fde,ml
2062,0.24901018182064089,fde,ml
2063,1.0650748127290868,fde,ml
2064,0.4506447841813123,fde,ml
2065,0.743472188483381,fde,ml
2066,0.46559583110346636,fde,ml
2067,0.2787039082665045,fde,ml
2068,1.1252346004605,fde,ml
2069,0.3448163788792989,fde,ml
2070,0.7642009670878426,fde,ml
2071,0.23646588881545105,fde,ml
2072,0.29907749828086616,fde,ml
2073,0.8809961762889638,fde,ml
2074,0.2765066084940167,fde,ml
2075,0.8873216510052033,fde,ml
2076,0.44442699336211666,fde,ml
2077,0.347055805095181,fde,ml
2078,0.7221038665611003,fde,ml
2079,0.3217426435497463,fde,ml
2080,1.103815407939298,fde,ml
2081,0.48509606330339744,fde,ml
2082,0.4186341726548722,fde,ml
2083,0.9182341044044701,fde,ml
2084,0.39341971017472915,fde,ml
2085,0.6141134896818953,fde,ml
2086,0.36414132917325553,fde,ml
2087,0.4307093123124807,fde,ml
2088,1.1891181794812995,fde,ml
2089,0.3526423764160344,fde,ml
2090,0.5735661781934613,fde,ml
2091,0.30108531837499647,fde,ml
2092,0.9088886013449068,fde,ml
2093,1.184955975794974,fde,ml
2094,0.32628227658889836,fde,ml
2095,0.789362261221752,fde,ml
2096,0.20515319141833105,fde,ml
2097,0.9604102629646373,fde,ml
2098,1.2118404408631516,fde,ml
2099,0.4586015975352876,fde,ml
2100,0.8434943882816018,fde,ml
2101,0.46192674811659806,fde,ml
2102,1.090688538556741,fde,ml
2103,1.317918035971193,fde,ml
2104,0.6298246216091371,fde,ml
2105,0.7945430828500675,fde,ml
2106,0.7322291603675649,fde,ml
2107,0.9127015735507074,fde,ml
2108,1.5724861362604563,fde,ml
2109,0.43278415615995,fde,ml
2110,0.7468698271826315,fde,ml
2111,0.23776550067510452,fde,ml
2112,0.6811346603826204,fde,ml
2113,0.4535068258743164,fde,ml
2114,0.8906524944049499,fde,ml
2115,0.409909721198615,fde,ml
2116,0.8556376091943148,fde,ml
2117,0.19798886348319847,fde,ml
2118,1.2345542014643909,fde,ml
2119,0.45883667311210113,fde,ml
2120,0.4021463772008542,fde,ml
2121,0.3029283505618228,fde,ml
2122,1.1135091677924291,fde,ml
2123,0.30697172057584904,fde,ml
2124,1.1826863077925105,fde,ml
2125,0.6313248463567062,fde,ml
2126,0.0923907121709965,fde,ml
2127,1.3897185519664705,fde,ml
2128,0.6042740508696874,fde,ml
2129,0.7888877281623115,fde,ml
2130,0.10654657316768111,fde,ml
2131,1.5634304396998846,fde,ml
2132,0.1921666248440149,fde,ml
2133,0.7004842502304016,fde,ml
2134,0.16849343370111194,fde,ml
2135,1.1389978477451779,fde,ml
2136,0.19071334466796494,fde,ml
2137,0.08839583444079309,fde,ml
2138,0.5185073528369593,fde,ml
2139,0.7479538949183092,fde,ml
2140,0.8086361208290209,fde,ml
2141,0.8229472061889455,fde,ml
2142,0.8082648129345809,fde,ml
2143,0.8451208617383259,fde,ml
2144,0.6862204361436143,fde,ml
2145,0.8290191475959059,fde,ml
2146,0.848442320592847,fde,ml
2147,0.8799099271927915,fde,ml
2148,0.7113817397253376,fde,ml
2149,0.6392831360633197,fde,ml
2150,1.0701028028380013,fde,ml
2151,0.8217282147417365,fde,ml
2152,0.4911875074174016,fde,ml
2153,1.2864210420294793,fde,ml
2154,0.619180245714189,fde,ml
2155,0.4848341638457726,fde,ml
2156,1.3751120153108443,fde,ml
2157,0.8063148372151485,fde,ml
2158,0.6017651248764099,fde,ml
2159,1.1591680550336887,fde,ml
2160,0.8710232034531402,fde,ml
2161,0.34818464761693446,fde,ml
2162,0.2707324615910244,fde,ml
2163,0.6872374378113262,fde,ml
2164,0.25663730324150896,fde,ml
2165,0.7190392945734898,fde,ml
2166,0.4767798143819249,fde,ml
2167,0.8563669046351686,fde,ml
2168,0.5312698639681023,fde,ml
2169,0.8904502003502678,fde,ml
2170,0.1359875848518089,fde,ml
2171,0.216561569799473,fde,ml
2172,0.904250660759929,fde,ml
2173,0.38654726365637987,fde,ml
2174,0.3004615425291787,fde,ml
2175,0.13723848848386827,fde,ml
2176,0.2374157344007622,fde,ml
2177,0.3374820490449023,fde,ml
2178,0.35142867772293945,fde,ml
2179,0.15151454631475084,fde,ml
2180,0.40053423435387825,fde,ml
2181,0.34487479302283375,fde,ml
2182,0.39190260215232886,fde,ml
2183,0.21176347116112126,fde,ml
2184,0.30390407588848495,fde,ml
2185,0.20856287813804558,fde,ml
2186,0.44338320011035065,fde,ml
2187,0.2367914178053627,fde,ml
2188,0.29538841862627535,fde,ml
2189,0.6368592902133553,fde,ml
2190,0.479463669249301,fde,ml
2191,0.32628093804792585,fde,ml
2192,0.21923951755796953,fde,ml
2193,0.9543571492755739,fde,ml
2194,0.5660390763879275,fde,ml
2195,0.41506595147506103,fde,ml
2196,0.5071581288104448,fde,ml
2197,1.1698187861798799,fde,ml
2198,0.6651342376103636,fde,ml
2199,0.5228827081990715,fde,ml
2200,0.7790544051173522,fde,ml
2201,1.0189477787228058,fde,ml
2202,0.6732448006601989,fde,ml
2203,0.6211012400607797,fde,ml
2204,0.9309021071799952,fde,ml
2205,0.5323654104577263,fde,ml
2206,0.7176901067309407,fde,ml
2207,1.2864235031913709,fde,ml
2208,0.5239681289215098,fde,ml
2209,0.8492208879682487,fde,ml
2210,1.55601280012153,fde,ml
2211,0.49753463854245955,fde,ml
2212,0.9373681642180637,fde,ml
2213,1.7074662622150534,fde,ml
2214,0.4975989911407884,fde,ml
2215,0.6460624789369961,fde,ml
2216,1.5825702642683417,fde,ml
2217,0.46452255055775005,fde,ml
2218,0.6390458983637153,fde,ml
2219,0.3511252456084684,fde,ml
2220,0.606742376231376,fde,ml
2221,0.15216700428707072,fde,ml
2222,0.6698859835605321,fde,ml
2223,0.6558146967669705,fde,ml
2224,1.3832955926183395,fde,ml
2225,1.3876655785303336,fde,ml
2226,1.41205257024402,fde,ml
2227,0.9623266624992596,fde,ml
2228,0.5359701144366722,fde,ml
2229,1.5173581904694902,fde,ml
2230,1.4693802841524717,fde,ml
2231,0.504499310382418,fde,ml
2232,1.6131989141784917,fde,ml
2233,1.0548634911619055,fde,ml
2234,1.5743720292726264,fde,ml
2235,0.9663478450553351,fde,ml
2236,1.4120162500891467,fde,ml
2237,0.21275803153911013,fde,ml
2238,0.4124639668425698,fde,ml
2239,0.20791656643396025,fde,ml
2240,0.5467610974374258,fde,ml
2241,0.3922007498876748,fde,ml
2242,1.0254590222509912,fde,ml
2243,0.5709122137688942,fde,ml
2244,1.3359049385942572,fde,ml
2245,0.3396746092204788,fde,ml
2246,1.4970163412385045,fde,ml
2247,0.5038024162882414,fde,ml
2248,1.2213868714227307,fde,ml
2249,0.7836498716038945,fde,ml
2250,0.49095670995855084,fde,ml
2251,1.0727193436900373,fde,ml
2252,1.5983320026393537,fde,ml
2253,2.0346933419888806,fde,ml
2254,2.4496500960728187,fde,ml
2255,0.49184203058594633,fde,ml
2256,0.755166255320973,fde,ml
2257,1.075153463871986,fde,ml
2258,1.2063034802959354,fde,ml
2259,3.9239938412576243,fde,ml
2260,1.0655375622699779,fde,ml
2261,3.775179538124212,fde,ml
2262,1.1065008419549929,fde,ml
2263,2.812614112163024,fde,ml
2264,2.515540145816737,fde,ml
2265,1.2779272462452838,fde,ml
2266,2.4682697821428645,fde,ml
2267,0.8437029553005025,fde,ml
2268,0.7803680943854824,fde,ml
2269,1.1788997198651185,fde,ml
2270,0.14118576713200257,fde,ml
2271,1.0450997571102543,fde,ml
2272,0.04678916056330652,fde,ml
2273,1.002385420462457,fde,ml
2274,0.013341453494150038,fde,ml
2275,0.7411258858654747,fde,ml
2276,0.36307759078816193,fde,ml
2277,0.02836154719295026,fde,ml
2278,0.715953864839872,fde,ml
2279,0.4276218164045428,fde,ml
2280,0.7718335320662966,fde,ml
2281,0.43894047119114343,fde,ml
2282,0.38611489451711944,fde,ml
2283,0.0195096029764692,fde,ml
2284,0.9899608948774096,fde,ml
2285,0.45716424633321756,fde,ml
2286,0.7867368539670349,fde,ml
2287,0.42795823679063033,fde,ml
2288,0.4301757169030425,fde,ml
2289,0.02649911899342312,fde,ml
2290,0.4172761101849023,fde,ml
2291,0.20512334029032003,fde,ml
2292,0.9502109686963118,fde,ml
2293,0.487408764607132,fde,ml
2294,0.39300810006732334,fde,ml
2295,0.03072608983966164,fde,ml
2296,0.6179349752538061,fde,ml
2297,0.32390253819633175,fde,ml
2298,0.4238053422630128,fde,ml
2299,0.47676154659636755,fde,ml
2300,0.46941217395089035,fde,ml
2301,0.008621717212797399,fde,ml
2302,0.6186182647030465,fde,ml
2303,0.4979508971476857,fde,ml
2304,0.372999057639656,fde,ml
2305,0.47643195856957204,fde,ml
2306,0.6008143234949003,fde,ml
2307,0.005756268903802357,fde,ml
2308,1.1191575777092306,fde,ml
2309,0.49860575658103384,fde,ml
2310,0.6422967371489701,fde,ml
2311,0.5919826517951002,fde,ml
2312,0.5133839107378448,fde,ml
2313,0.02019010224695713,fde,ml
2314,0.7437423257191558,fde,ml
2315,0.4123203065797502,fde,ml
2316,0.4937715070212318,fde,ml
2317,0.6395763770620341,fde,ml
2318,0.5590123351992017,fde,ml
2319,0.018422572490648655,fde,ml
2320,0.8105634683562515,fde,ml
2321,0.39478775273174016,fde,ml
2322,0.6464185046905774,fde,ml
2323,0.4003758281845245,fde,ml
2324,0.01737247201648476,fde,ml
2325,0.7457396847644084,fde,ml
2326,0.4625782537422413,fde,ml
2327,0.8282823888032361,fde,ml
2328,0.01794024167858349,fde,ml
2329,0.771213913678798,fde,ml
2330,0.4142628684889348,fde,ml
2331,0.8768814830217045,fde,ml
2332,0.017732160378797088,fde,ml
2333,0.6301766895267723,fde,ml
2334,0.776877102200507,fde,ml
2335,1.1198941322902642,fde,ml
2336,0.01756366221419614,fde,ml
2337,0.9484303100712373,fde,ml
2338,1.070663338604404,fde,ml
2339,1.4246283137334907,fde,ml
2340,0.017811803730215885,fde,ml
2341,1.106813334630777,fde,ml
2342,1.2284648844715425,fde,ml
2343,1.5985017259674483,fde,ml
2344,0.10690750806270738,fde,ml
2345,1.5595697804365025,fde,ml
2346,1.501556054207176,fde,ml
2347,1.801007378732708,fde,ml
2348,0.4331022517259209,fde,ml
2349,1.9419354285794788,fde,ml
2350,0.4505211228660871,fde,ml
2351,0.5671344827712879,fde,ml
2352,0.7712512618678456,fde,ml
2353,0.32816554591655567,fde,ml
2354,0.2322868204690198,fde,ml
2355,1.0984640776990753,fde,ml
